<?xml version="1.0" encoding="UTF-8"?>
<suppressions xmlns="https://jeremylong.github.io/DependencyCheck/dependency-suppression.1.3.xsd">
   <suppress>
      <notes><![CDATA[
      file name: bcprov-jdk15on-1.46.jar
      ]]></notes>
      <packageUrl regex="true">^pkg:maven/org\.bouncycastle/bcprov-jdk15on@.*$</packageUrl>
      <vulnerabilityName>CVE-2024-34447</vulnerabilityName>
   </suppress>
   <suppress>
   	<notes><![CDATA[
   	file name: bcprov-jdk15on-1.46.jar
   	]]></notes>
   	<packageUrl regex="true">^pkg:maven/org\.bouncycastle/bcprov-jdk15on@.*$</packageUrl>
   	<cve>CVE-2016-1000338</cve>
   </suppress>
   <suppress>
   	<notes><![CDATA[
   	file name: bcprov-jdk15on-1.46.jar
   	]]></notes>
   	<packageUrl regex="true">^pkg:maven/org\.bouncycastle/bcprov-jdk15on@.*$</packageUrl>
   	<cve>CVE-2016-1000342</cve>
   </suppress>
   <suppress>
   	<notes><![CDATA[
   	file name: bcprov-jdk15on-1.46.jar
   	]]></notes>
   	<packageUrl regex="true">^pkg:maven/org\.bouncycastle/bcprov-jdk15on@.*$</packageUrl>
   	<cve>CVE-2016-1000343</cve>
   </suppress>
   <suppress>
  	 <notes><![CDATA[
  	 file name: bcprov-jdk15on-1.46.jar
   	]]></notes>
   <packageUrl regex="true">^pkg:maven/org\.bouncycastle/bcprov-jdk15on@.*$</packageUrl>
   	<vulnerabilityName>CVE-2024-29857</vulnerabilityName>
   </suppress>
   <suppress>
  	 <notes><![CDATA[
   	file name: bcprov-jdk15on-1.46.jar
   	]]></notes>
   	<packageUrl regex="true">^pkg:maven/org\.bouncycastle/bcprov-jdk15on@.*$</packageUrl>
   	<cve>CVE-2016-1000344</cve>
   </suppress>
   <suppress>
   	<notes><![CDATA[
   	file name: bcprov-jdk15on-1.46.jar
   	]]></notes>
   	<packageUrl regex="true">^pkg:maven/org\.bouncycastle/bcprov-jdk15on@.*$</packageUrl>
   	<cve>CVE-2016-1000352</cve>
   </suppress>
   <suppress>
  	 <notes><![CDATA[
  	 file name: log4j-api-2.12.1.jar
  	 ]]></notes>
  	 <packageUrl regex="true">^pkg:maven/org\.apache\.logging\.log4j/log4j-api@.*$</packageUrl>
   	<cve>CVE-2020-9488</cve>
   </suppress>
   <suppress>
  	 <notes><![CDATA[
  	 file name: hibernate-validator-6.0.18.Final.jar
  	 ]]></notes>
  	 <packageUrl regex="true">^pkg:maven/org\.hibernate\.validator/hibernate-validator@.*$</packageUrl>
  	 <vulnerabilityName>CVE-2023-1932</vulnerabilityName>
   </suppress>
   <suppress>
   	<notes><![CDATA[
  	 file name: hibernate-validator-6.0.18.Final.jar
  	 ]]></notes>
  	 <packageUrl regex="true">^pkg:maven/org\.hibernate\.validator/hibernate-validator@.*$</packageUrl>
  	 <cve>CVE-2020-10693</cve>
   </suppress>
</suppressions>